model_hr,pos_hr,chrom_hr,ensemble_hr,confidence
38.98367691040039,62.28373702422146,62.28373702422146,38.98367691040039,0.537764847278595
