model_hr,pos_hr,chrom_hr,ensemble_hr,confidence
39.00096130371094,87.19723183391004,62.28373702422146,39.00096130371094,0.5382987856864929
