model_hr,pos_hr,chrom_hr,ensemble_hr,confidence
38.90438461303711,80.96885813148789,62.28373702422146,38.90438461303711,0.5376608371734619
