model_hr,pos_hr,chrom_hr,ensemble_hr,confidence
39.2176399230957,62.28373702422146,62.28373702422146,39.2176399230957,0.5368497967720032
