model_hr,pos_hr,chrom_hr,ensemble_hr,confidence
38.83344650268555,68.51211072664361,43.59861591695502,38.83344650268555,0.5378527641296387
