model_hr,pos_hr,chrom_hr,ensemble_hr,confidence
38.8458251953125,87.19723183391004,74.74048442906575,38.8458251953125,0.5381406545639038
