model_hr,pos_hr,chrom_hr,ensemble_hr,confidence
38.89609909057617,62.28373702422146,62.28373702422146,38.89609909057617,0.5381398797035217
