model_hr,pos_hr,chrom_hr,ensemble_hr,confidence
39.041622161865234,74.74048442906575,62.28373702422146,39.041622161865234,0.5382824540138245
