subject,chunk,gt_hr,hr_pos,hr_chrom,hr_fused
subject17,chunk_0000,12.900155067443848,42.0461395986622,60.065913712374574,58.69209194908737
