subject,chunk,gt_hr,hr_pos,hr_chrom,hr_fused
subject17,chunk_0002,38.520938873291016,84.0922791973244,66.07250508361203,68.23498528454289
