subject,chunk,gt_hr,hr_pos,hr_chrom,hr_fused
subject17,chunk_0011,73.2005844116211,84.0922791973244,84.0922791973244,84.09227919732439
