subject,chunk,gt_hr,hr_pos,hr_chrom,hr_fused
subject17,chunk_0007,84.72305297851562,90.09887056856185,84.0922791973244,84.86076270725096
