subject,chunk,gt_hr,hr_pos,hr_chrom,hr_fused
subject17,chunk_0001,25.710546493530273,84.0922791973244,84.0922791973244,84.09227919732442
