subject,chunk,gt_hr,hr_pos,hr_chrom,hr_fused
subject17,chunk_0003,51.331329345703125,78.08568782608695,42.0461395986622,45.090047828530224
