subject,chunk,gt_hr,hr_pos,hr_chrom,hr_fused
subject17,chunk_0006,84.67316436767578,42.0461395986622,48.052730969899656,47.418459412282225
