subject,chunk,gt_hr,hr_pos,hr_chrom,hr_fused
subject17,chunk_0008,81.84243774414062,48.052730969899656,54.05932234113712,53.56443194059979
