subject,chunk,gt_hr,hr_pos,hr_chrom,hr_fused
subject17,chunk_0005,76.87445068359375,42.0461395986622,42.0461395986622,42.046139598662194
