subject,chunk,gt_hr,hr_pos,hr_chrom,hr_fused
subject17,chunk_0010,76.0811996459961,60.065913712374574,90.09887056856185,85.84321806756583
