subject,chunk,gt_hr,hr_pos,hr_chrom,hr_fused
subject17,chunk_0009,78.96182250976562,90.09887056856185,84.0922791973244,84.72309567260952
